{
  "project_info": {
    "project_number": "708729210708",
    "project_id": "artikel-2cb0d",
    "storage_bucket": "artikel-2cb0d.appspot.com"
  },
  "client": [
    {
      "client_info": {
        "mobilesdk_app_id": "1:708729210708:android:f103da0c6b4a3841886ac1",
        "android_client_info": {
          "package_name": "com.example.webarikel"
        }
      },
      "oauth_client": [
        {
          "client_id": "708729210708-ufis8bsok79957vin414k6u3ajrus0ru.apps.googleusercontent.com",
          "client_type": 3
        }
      ],
      "api_key": [
        {
          "current_key": "AIzaSyBGHCCfL7xs0efoBs8U5s548L1-I_T-670"
        }
      ],
      "services": {
        "appinvite_service": {
          "other_platform_oauth_client": [
            {
              "client_id": "708729210708-ufis8bsok79957vin414k6u3ajrus0ru.apps.googleusercontent.com",
              "client_type": 3
            }
          ]
        }
      }
    }
  ],
  "configuration_version": "1"
}